ID_USER,PASS,NOMBRE,,PAIS,MAIL
,,,,,
USUARIO1,12345,JOSE PEREZ,28-APR-76,USA,CORREO1
USUARIO2,12345,Abigail Kessel,22-feb-79,JAPON,CORREO2
USUARIO3,12345,Annie Gilmour,03-jul-78,GUATEMALA,CORREO3
USUARIO4,12345,Auburn Malloney,07-nov-82,MEXICO,CORREO4
USUARIO5,12345,Barlow Petrella,02-oct-80,ITALIA,CORREO5
USUARIO6,12345,Bee Majors,24-DEC-84,ALEMANIA,CORREO6
USUARIO7,12345,Beryl Manson,18-jun-78,FRANCE,CORREO7
USUARIO8,12345,Billie Wiser,22-feb-79,USA,CORREO8
USUARIO9,12345,Bobby Huggins,02-jun-78,BRAZIL,CORREO9
USUARIO10,12345,Brant Mannings,22-feb-77,BRAZIL,CORREO10
USUARIO11,12345,Bryant Everhard,01-sep-83,CANADA,CORREO11
USUARIO12,12345,Calbert Crabtree,24-DEC-77,USA,CORREO12
USUARIO13,12345,Carey Orr,23-nov-78,ALEMANIA,CORREO13
USUARIO14,12345,Chadwick Stockman,24-APR-82,CANADA,CORREO14
USUARIO15,12345,Decima Nance,07-nov-81,USA,CORREO15
USUARIO16,12345,Denys Poindexter,20-AUG-80,ALEMANIA,CORREO16
USUARIO17,12345,Dolly Embrey,01-sep-84,USA,CORREO17
USUARIO18,12345,Emmanuel Rudder,03-jul-81,GUATEMALA,CORREO18
USUARIO19,12345,Erik Figgens,09-JAN-84,MEXICO,CORREO19
USUARIO20,12345,Fillmore Rogers,26-jun-82,USA,CORREO20
USUARIO21,12345,Franklin Hagan,05-JAN-78,GUATEMALA,CORREO21
USUARIO22,12345,Garnett Pilcher,10-feb-78,ITALIA,CORREO22
USUARIO23,12345,Gerard Clipp,28-AUG-85,KOREA,CORREO23
USUARIO24,12345,Ginger London,24-DEC-76,USA,CORREO24
USUARIO25,12345,Grant King,18-jun-79,KOREA,CORREO25
USUARIO26,12345,Gwen Gilroy,19-nov-77,IRAQ,CORREO26
USUARIO27,12345,Harland Cowl,04-AUG-81,ALEMANIA,CORREO27
USUARIO28,12345,Heath Rodrick,18-oct-85,ALEMANIA,CORREO28
USUARIO29,12345,Henry Lincoln,02-oct-79,ISRAEL,CORREO29
USUARIO30,12345,Holly Grier,01-may-78,ISRAEL,CORREO30
USUARIO31,12345,Hubert Barron,27-mar-78,CANADA,CORREO31
USUARIO32,12345,Ines Legard,20-DEC-77,ISRAEL,CORREO32
USUARIO33,12345,Jacob Eppling,03-jul-83,JAPON,CORREO33
USUARIO34,12345,Lenora Poe,17-sep-82,JAPON,CORREO34
USUARIO35,12345,Letitia Woodman,26-jun-82,JAPON,CORREO35
USUARIO36,12345,Lindsay Barlow,24-DEC-83,JAPON,CORREO36
USUARIO37,12345,Lolita Faimon,26-feb-79,JAPON,CORREO37
USUARIO38,12345,Luana Wan,24-APR-83,USA,CORREO38
USUARIO39,12345,Lupe Oddell,08-DEC-82,USA,CORREO39
USUARIO40,12345,Macy Littlefield,16-AUG-83,USA,CORREO40
USUARIO41,12345,Magda Rothman,17-sep-81,USA,CORREO41
USUARIO42,12345,Marcel Gutierrez,26-feb-76,BRAZIL,CORREO42
USUARIO43,12345,Marwin Lloyd,28-APR-77,BRAZIL,CORREO43
USUARIO44,12345,Merrell Fepoi,10-feb-77,KOREA,CORREO44
USUARIO45,12345,Mitchel Paige,27-mar-80,KOREA,CORREO45
USUARIO46,12345,Murry Ivy,01-may-79,KOREA,CORREO46
USUARIO47,12345,Olga Ireland,01-sep-84,KOREA,CORREO47
USUARIO48,12345,Oriena Kitchens,26-feb-85,KOREA,CORREO48
USUARIO49,12345,Patience Ross,05-may-76,KOREA,CORREO49
USUARIO50,12345,Pepita Kish,10-feb-78,KOREA,CORREO50
USUARIO51,12345,Polly Ingram,03-jul-80,KOREA,CORREO51
USUARIO52,12345,Radley Barker,03-jul-85,CANADA,CORREO52
USUARIO53,12345,Rana Xie,25-may-81,CANADA,CORREO53
USUARIO54,12345,Rayburn Barden,27-mar-83,CANADA,CORREO54
USUARIO55,12345,Reginald Nettles,25-JAN-83,USA,CORREO55
USUARIO56,12345,Richmond Novak,27-jul-83,BRAZIL,CORREO56
USUARIO57,12345,Roderica Lavin,05-JAN-80,ARGENTINA,CORREO57
USUARIO58,12345,Rona Bakerman,02-jun-82,ARGENTINA,CORREO58
USUARIO59,12345,Rose Lamar,26-jun-82,ARGENTINA,CORREO59
USUARIO60,12345,Royden Barrett,26-feb-76,ARGENTINA,CORREO60
USUARIO61,12345,Ryan Waddell,22-oct-79,COLOMBIA,CORREO61
USUARIO62,12345,Sampson Tavener,24-APR-78,CHILE,CORREO62
USUARIO63,12345,Terrie Odenwalld,04-AUG-78,PORTUGAL,CORREO63
USUARIO64,12345,Thatcher Grigsby,17-sep-82,PORTUGAL,CORREO64
USUARIO65,12345,Theron Rumfeldt,03-nov-82,PORTUGAL,CORREO65
USUARIO66,12345,Tirrell Clatterbuck,26-feb-83,PORTUGAL,CORREO66
USUARIO67,12345,Torrance Lowers,01-may-79,PORTUGAL,CORREO67
USUARIO68,12345,Trina Mozzes,21-JAN-80,ENGLAND,CORREO68
USUARIO69,12345,Tyson Roche,03-jul-79,ENGLAND,CORREO69
USUARIO70,12345,Urania Kendall,02-jun-76,ENGLAND,CORREO70
USUARIO71,12345,Valeriana Conard,11-mar-80,ENGLAND,CORREO71
USUARIO72,12345,Vicky Zheng,02-oct-78,ENGLAND,CORREO72
USUARIO73,12345,Willa Rubens,27-mar-85,ENGLAND,CORREO73
USUARIO74,12345,Woodley Kelley,21-JAN-77,ENGLAND,CORREO74
USUARIO75,12345,Wynne Handsome,02-oct-80,CHINA,CORREO75
USUARIO76,12345,Yuri Chang,21-JAN-80,CHINA,CORREO76
USUARIO77,12345,Zel Livesay,06-feb-78,JAPON,CORREO77
USUARIO78,12345,Abner Robbinette,04-DEC-78,ESPA헤,CORREO78
USUARIO79,12345,Antony Osborne,01-may-76,PUERTO RICO,CORREO79
USUARIO80,12345,August Jeffreys,22-feb-78,ESPA헤,CORREO80
USUARIO81,12345,Barnaby Malone,25-may-84,VENEZUELA,CORREO81
USUARIO82,12345,Belinda Orm,10-jun-85,VENEZUELA,CORREO82
USUARIO83,12345,Bessie Kruger,25-may-83,ESPA헤,CORREO83
USUARIO84,12345,Bing Bradley,04-DEC-78,COSTA RICA,CORREO84
USUARIO85,12345,Bonnibel Konur,09-sep-79,ITALIA,CORREO85
USUARIO86,12345,Brenda Tyler,19-jul-80,ESPA헤,CORREO86
USUARIO87,12345,Buck Cooper,01-may-78,ITALIA,CORREO87
USUARIO88,12345,Calvert Owens,03-nov-82,ALEMANIA,CORREO88
USUARIO89,12345,Carl Rill,25-may-83,FRANCE,CORREO89
USUARIO90,12345,Charles Ness,08-APR-80,ESPA헤,CORREO90
USUARIO91,12345,Deedee Linsicome,16-APR-77,PUERTO RICO,CORREO91
USUARIO92,12345,Denys Trent,11-nov-82,PUERTO RICO,CORREO92
USUARIO93,12345,Dolly Vance,14-feb-76,ESPA헤,CORREO93
USUARIO94,12345,Emmet Barr,08-APR-83,GUATEMALA,CORREO94
USUARIO95,12345,Errol Overman,03-nov-79,ENGLAND,CORREO95
USUARIO96,12345,Finlay Hurst,05-JAN-79,ARGENTINA,CORREO96
USUARIO97,12345,Frankie Newman,28-APR-85,URUGUAY,CORREO97
USUARIO98,12345,Garland Kuehler,20-DEC-78,PARAGUAY,CORREO98
USUARIO99,12345,Geoffrey Wan,23-mar-83,PARAGUAY,CORREO99
USUARIO100,12345,Ginna Lyon,19-nov-85,PARAGUAY,CORREO100
USUARIO101,12345,Grant Kelleher,26-jun-82,PARAGUAY,CORREO101
USUARIO102,12345,Gwen Ingersoll,01-sep-77,URUGUAY,CORREO102
USUARIO103,12345,Hardy Gentle,27-mar-85,URUGUAY,CORREO103
USUARIO104,12345,Haywood Murray,21-JAN-77,URUGUAY,CORREO104
USUARIO105,12345,Henry Gressett,23-mar-80,URUGUAY,CORREO105
USUARIO106,12345,Holman Edmond,04-DEC-80,URUGUAY,CORREO106
USUARIO107,12345,Hugo Mullins,25-may-85,URUGUAY,CORREO107
USUARIO108,12345,Ina Cherry,02-oct-77,ICELAND,CORREO108
USUARIO109,12345,Jackie Grover,04-AUG-78,ICELAND,CORREO109
USUARIO110,12345,Leandra Phillips,20-DEC-84,ICELAND,CORREO110
USUARIO111,12345,Letitia Robinson,08-AUG-78,ICELAND,CORREO111
USUARIO112,12345,Linette Oppy,05-JAN-81,IRELAND,CORREO112
USUARIO113,12345,Lolita Kaden,02-oct-79,IRELAND,CORREO113
USUARIO114,12345,Louise Rust,04-DEC-81,IRELAND,CORREO114
USUARIO115,12345,Luna Reilly,08-APR-81,IRELAND,CORREO115
USUARIO116,12345,Madallyn Bakker,07-mar-81,IRELAND,CORREO116
USUARIO117,12345,Maisie Kindred,20-DEC-85,IRELAND,CORREO117
USUARIO118,12345,Marcella Ingold,01-may-81,IRELAND,CORREO118
USUARIO119,12345,Viola Daley,11-mar-85,IRELAND,CORREO119
USUARIO120,12345,Wilson Adams,11-jul-83,IRELAND,CORREO120
